firm_name,year_from,year_to,sbert_drift,jaccard_overlap,lda_jsd,vader_delta,veris_score,veris_band,veris_rank,veris_q25,veris_q50,veris_q75
BP,2014,2015,0.0101,0.7015,0.0219,0.0305,0.1481,Medium,71,0.141,0.1624,0.2036
BP,2015,2016,0.0095,0.6831,0.205,-0.0849,0.1319,Low,87,0.141,0.1624,0.2036
BP,2016,2017,0.0077,0.7083,0.1985,-0.0189,0.1447,Medium,76,0.141,0.1624,0.2036
BP,2017,2018,0.0074,0.692,0.0173,0.1043,0.168,High,48,0.141,0.1624,0.2036
BP,2018,2019,0.023,0.643,0.1864,0.004,0.1885,High,39,0.141,0.1624,0.2036
BP,2019,2020,0.0155,0.6455,0.3389,0.0399,0.2011,High,31,0.141,0.1624,0.2036
BP,2020,2021,0.0074,0.6595,0.128,-0.0414,0.1303,Low,89,0.141,0.1624,0.2036
BP,2021,2022,0.0138,0.6793,0.0299,0.0427,0.1606,Medium,56,0.141,0.1624,0.2036
BP,2022,2023,0.007,0.7195,0.1455,-0.0275,0.133,Low,86,0.141,0.1624,0.2036
BP,2023,2024,0.0113,0.6975,0.0963,-0.0006,0.145,Medium,75,0.141,0.1624,0.2036
Chevron,2014,2015,0.0131,0.6846,0.1632,0.0332,0.1664,High,51,0.141,0.1624,0.2036
Chevron,2015,2016,0.0077,0.6845,0.0522,-0.1029,0.103,Low,104,0.141,0.1624,0.2036
Chevron,2016,2017,0.0084,0.6756,0.0541,-0.0106,0.1344,Low,85,0.141,0.1624,0.2036
Chevron,2017,2018,0.0136,0.7024,0.0552,0.0146,0.1516,Medium,66,0.141,0.1624,0.2036
Chevron,2018,2019,0.0139,0.6615,0.0648,0.0852,0.1763,High,43,0.141,0.1624,0.2036
Chevron,2019,2020,0.0218,0.595,0.2886,-0.009,0.1988,High,32,0.141,0.1624,0.2036
Chevron,2020,2021,0.0284,0.6003,0.2965,0.1075,0.2452,Very High,19,0.141,0.1624,0.2036
Chevron,2021,2022,0.0117,0.6295,0.0207,0.0246,0.1526,Medium,64,0.141,0.1624,0.2036
Chevron,2022,2023,0.0084,0.678,0.0059,0.0043,0.1373,Low,83,0.141,0.1624,0.2036
Chevron,2023,2024,0.116,0.5327,0.9749,-0.0012,0.6685,Very High,6,0.141,0.1624,0.2036
ConocoPhillips,2014,2015,0.0458,0.5786,0.5566,0.0325,0.3305,Very High,9,0.141,0.1624,0.2036
ConocoPhillips,2015,2016,0.0119,0.6489,0.033,-0.0134,0.1406,Low,80,0.141,0.1624,0.2036
ConocoPhillips,2016,2017,0.0149,0.6245,0.0853,-0.0143,0.1517,Medium,65,0.141,0.1624,0.2036
ConocoPhillips,2017,2018,0.1284,0.3508,0.6801,-0.2165,0.6644,Very High,7,0.141,0.1624,0.2036
ConocoPhillips,2018,2019,0.0646,0.3973,0.0741,-0.0262,0.3427,Very High,8,0.141,0.1624,0.2036
ConocoPhillips,2019,2020,0.0341,0.5123,0.242,0.041,0.2451,Very High,20,0.141,0.1624,0.2036
ConocoPhillips,2020,2021,0.0341,0.6022,0.2107,0.0265,0.2348,Very High,23,0.141,0.1624,0.2036
ConocoPhillips,2021,2022,0.0045,0.7112,0.0167,0.0255,0.1377,Low,82,0.141,0.1624,0.2036
ConocoPhillips,2022,2023,0.0347,0.6328,0.4213,0.0214,0.2659,Very High,14,0.141,0.1624,0.2036
ConocoPhillips,2023,2024,0.0044,0.7686,0.0022,-0.1348,0.0786,Low,106,0.141,0.1624,0.2036
Eni,2015,2016,0.0139,0.5833,0.0042,-0.0079,0.1495,Medium,68,0.141,0.1624,0.2036
Eni,2016,2017,0.0424,0.5598,0.1789,-0.0482,0.2508,Very High,17,0.141,0.1624,0.2036
Eni,2017,2018,0.0239,0.5602,0.1244,-0.0853,0.168,High,48,0.141,0.1624,0.2036
Eni,2018,2019,0.0099,0.5743,0.0675,0.1373,0.1886,High,38,0.141,0.1624,0.2036
Eni,2019,2020,0.0218,0.5792,0.0969,-0.0425,0.1671,High,50,0.141,0.1624,0.2036
Eni,2020,2021,0.0387,0.5688,0.2675,-0.0451,0.2471,Very High,18,0.141,0.1624,0.2036
Eni,2021,2022,0.0124,0.6239,0.0674,0.0627,0.1682,High,47,0.141,0.1624,0.2036
Eni,2022,2023,0.0133,0.5513,0.0126,0.0331,0.1623,Medium,55,0.141,0.1624,0.2036
Eni,2023,2024,0.0169,0.5342,0.1779,-0.1206,0.1469,Medium,73,0.141,0.1624,0.2036
Equinor,2014,2015,0.0089,0.6417,0.0036,-0.0415,0.1253,Low,93,0.141,0.1624,0.2036
Equinor,2015,2016,0.0122,0.6779,0.0005,0.0856,0.1699,High,45,0.141,0.1624,0.2036
Equinor,2016,2017,0.0101,0.6489,0.0036,-0.0923,0.1116,Low,101,0.141,0.1624,0.2036
Equinor,2017,2018,0.0527,0.6277,0.3805,-0.0369,0.3185,Very High,10,0.141,0.1624,0.2036
Equinor,2018,2019,0.008,0.6811,0.043,0.1645,0.189,High,37,0.141,0.1624,0.2036
Equinor,2019,2020,0.0071,0.6494,0.046,-0.0377,0.1246,Low,94,0.141,0.1624,0.2036
Equinor,2020,2021,0.0109,0.6544,0.0116,-0.0515,0.1256,Low,92,0.141,0.1624,0.2036
Equinor,2021,2022,0.0441,0.5846,0.4801,0.0184,0.3095,Very High,11,0.141,0.1624,0.2036
Equinor,2022,2023,0.0245,0.6564,0.1549,-0.1288,0.1598,Medium,59,0.141,0.1624,0.2036
Equinor,2023,2024,0.0145,0.6412,0.0097,0.0899,0.1774,High,42,0.141,0.1624,0.2036
ExxonMobil,2017,2018,0.013,0.648,0.0287,0.0098,0.15,Medium,67,0.141,0.1624,0.2036
ExxonMobil,2022,2023,0.1696,0.5437,0.9839,0.0211,0.8944,Very High,2,0.141,0.1624,0.2036
ExxonMobil,2023,2024,0.0179,0.5858,0.4291,0.0884,0.2352,Very High,22,0.141,0.1624,0.2036
Glencore,2014,2015,0.012,0.6501,0.0115,0.0781,0.1686,High,46,0.141,0.1624,0.2036
Glencore,2015,2016,0.0182,0.6447,0.1415,-0.2868,0.1175,Low,99,0.141,0.1624,0.2036
Glencore,2016,2017,0.0176,0.6329,0.1223,-0.0225,0.1593,Medium,60,0.141,0.1624,0.2036
Glencore,2017,2018,0.0105,0.654,0.0372,0.1454,0.1875,High,40,0.141,0.1624,0.2036
Glencore,2018,2019,0.0084,0.6488,0.1533,0.1074,0.1807,High,41,0.141,0.1624,0.2036
Glencore,2019,2020,0.0129,0.6709,0.0902,0.0344,0.1599,Medium,58,0.141,0.1624,0.2036
Glencore,2020,2021,0.0142,0.6723,0.0044,-0.0927,0.1203,Low,97,0.141,0.1624,0.2036
Glencore,2021,2022,0.0262,0.6373,0.1982,0.0145,0.2027,High,30,0.141,0.1624,0.2036
Glencore,2022,2023,0.0085,0.663,0.1234,-0.1968,0.0908,Low,105,0.141,0.1624,0.2036
Glencore,2023,2024,0.0047,0.7368,0.0124,0.199,0.1929,High,35,0.141,0.1624,0.2036
Repsol,2017,2018,0.0077,0.6727,0.0313,-0.0267,0.127,Low,91,0.141,0.1624,0.2036
Repsol,2018,2019,0.0146,0.6387,0.2495,-0.057,0.1602,Medium,57,0.141,0.1624,0.2036
Repsol,2019,2020,0.0245,0.636,0.2306,0.0224,0.2035,High,28,0.141,0.1624,0.2036
Repsol,2020,2021,0.0115,0.6656,0.1122,0.1501,0.1945,High,34,0.141,0.1624,0.2036
Repsol,2021,2022,0.0057,0.7016,0.1693,-0.1275,0.1065,Low,103,0.141,0.1624,0.2036
Repsol,2022,2023,0.0053,0.7129,0.0009,0.0445,0.1445,Medium,77,0.141,0.1624,0.2036
Repsol,2023,2024,0.0031,0.7103,0.0,-0.0431,0.1125,Low,100,0.141,0.1624,0.2036
RioTinto,2014,2015,0.0144,0.6553,0.0715,0.0145,0.1565,Medium,61,0.141,0.1624,0.2036
RioTinto,2015,2016,0.0127,0.6303,0.0595,0.0171,0.154,Medium,63,0.141,0.1624,0.2036
RioTinto,2016,2017,0.0113,0.6771,0.0053,-0.0563,0.1235,Low,95,0.141,0.1624,0.2036
RioTinto,2017,2018,0.0252,0.634,0.0624,0.1227,0.2155,Very High,24,0.141,0.1624,0.2036
RioTinto,2018,2019,0.1557,0.5757,0.8988,0.0523,0.8434,Very High,4,0.141,0.1624,0.2036
RioTinto,2019,2020,0.0223,0.6815,0.1073,-0.0136,0.1718,High,44,0.141,0.1624,0.2036
RioTinto,2020,2021,0.0443,0.6157,0.3671,0.0437,0.2958,Very High,12,0.141,0.1624,0.2036
RioTinto,2021,2022,0.0125,0.6498,0.1524,-0.005,0.1542,Medium,62,0.141,0.1624,0.2036
RioTinto,2022,2023,0.1313,0.5019,0.9972,-0.2185,0.7018,Very High,5,0.141,0.1624,0.2036
RioTinto,2023,2024,0.1623,0.5118,0.9397,0.1753,0.8935,Very High,3,0.141,0.1624,0.2036
Shell,2014,2015,0.0197,0.6539,0.0001,-0.0016,0.1625,High,53,0.141,0.1624,0.2036
Shell,2015,2016,0.0103,0.627,0.0,-0.0196,0.1357,Low,84,0.141,0.1624,0.2036
Shell,2016,2017,0.0232,0.6119,0.147,0.0423,0.1958,High,33,0.141,0.1624,0.2036
Shell,2017,2018,0.0266,0.6037,0.1162,-0.0043,0.1923,High,36,0.141,0.1624,0.2036
Shell,2018,2019,0.0257,0.6301,0.029,-0.0908,0.1624,Medium,54,0.141,0.1624,0.2036
Shell,2019,2020,0.0237,0.6261,0.2463,0.0358,0.2069,Very High,26,0.141,0.1624,0.2036
Shell,2020,2021,0.0453,0.5983,0.209,-0.0025,0.2719,Very High,13,0.141,0.1624,0.2036
Shell,2021,2022,0.0084,0.6994,0.0408,-0.0134,0.1316,Low,88,0.141,0.1624,0.2036
Shell,2022,2023,0.0061,0.6973,0.0221,-0.0644,0.1102,Low,102,0.141,0.1624,0.2036
TotalEnergies,2016,2017,0.0183,0.6599,0.0686,0.0119,0.1651,High,52,0.141,0.1624,0.2036
TotalEnergies,2017,2018,0.0062,0.688,0.056,-0.0397,0.1208,Low,96,0.141,0.1624,0.2036
TotalEnergies,2018,2019,0.0077,0.6669,0.056,0.0315,0.1475,Medium,72,0.141,0.1624,0.2036
TotalEnergies,2019,2020,0.0161,0.6707,0.0575,-0.0387,0.1434,Medium,78,0.141,0.1624,0.2036
TotalEnergies,2020,2021,0.0271,0.5412,0.4359,0.0456,0.2524,Very High,15,0.141,0.1624,0.2036
TotalEnergies,2021,2022,0.0276,0.583,0.1808,-0.0021,0.2036,Very High,27,0.141,0.1624,0.2036
TotalEnergies,2022,2023,0.0103,0.5989,0.1436,-0.0371,0.1422,Medium,79,0.141,0.1624,0.2036
TotalEnergies,2023,2024,0.0066,0.618,0.0269,-0.0273,0.1282,Low,90,0.141,0.1624,0.2036
Unilever,2014,2015,0.1828,0.5668,0.8762,0.0923,0.9282,Very High,1,0.141,0.1624,0.2036
Unilever,2015,2016,0.0072,0.6492,0.0339,0.0388,0.1489,Medium,70,0.141,0.1624,0.2036
Unilever,2016,2017,0.0154,0.6577,0.0398,-0.0216,0.1462,Medium,74,0.141,0.1624,0.2036
Unilever,2017,2018,0.0079,0.687,0.0497,0.0092,0.1393,Low,81,0.141,0.1624,0.2036
Unilever,2018,2019,0.0105,0.6453,0.0757,0.0148,0.1492,Medium,69,0.141,0.1624,0.2036
Unilever,2019,2020,0.0262,0.6352,0.2547,0.0021,0.2075,Very High,25,0.141,0.1624,0.2036
Unilever,2020,2021,0.029,0.6365,0.1452,0.001,0.203,High,29,0.141,0.1624,0.2036
Unilever,2021,2022,0.0213,0.6079,0.5072,-0.0138,0.2377,Very High,21,0.141,0.1624,0.2036
Unilever,2022,2023,0.0,1.0,0.0,0.0,0.1176,Low,98,0.141,0.1624,0.2036
Unilever,2023,2024,0.0292,0.5937,0.4375,0.0135,0.2511,Very High,16,0.141,0.1624,0.2036
