Firm,Period,Rank Spread,scenario,rank
Unilever,2014->2015,2.0,Balanced,1.0
ExxonMobil,2022->2023,2.0,Balanced,2.0
RioTinto,2023->2024,2.0,Balanced,3.0
RioTinto,2018->2019,1.0,Balanced,4.0
RioTinto,2022->2023,24.0,Balanced,5.0
Chevron,2023->2024,2.0,Balanced,6.0
ConocoPhillips,2017->2018,46.0,Balanced,7.0
ConocoPhillips,2018->2019,37.0,Balanced,8.0
ConocoPhillips,2014->2015,2.0,Balanced,9.0
Equinor,2017->2018,29.0,Balanced,10.0
Equinor,2021->2022,8.0,Balanced,11.0
RioTinto,2020->2021,4.0,Balanced,12.0
Shell,2020->2021,22.0,Balanced,13.0
ConocoPhillips,2022->2023,6.0,Balanced,14.0
TotalEnergies,2020->2021,10.0,Balanced,15.0
Unilever,2023->2024,12.0,Balanced,16.0
Eni,2016->2017,57.0,Balanced,17.0
Eni,2020->2021,50.0,Balanced,18.0
Chevron,2020->2021,14.0,Balanced,19.0
ConocoPhillips,2019->2020,8.0,Balanced,20.0
Unilever,2021->2022,24.0,Balanced,21.0
ExxonMobil,2023->2024,19.0,Balanced,22.0
ConocoPhillips,2020->2021,12.0,Balanced,23.0
RioTinto,2017->2018,25.0,Balanced,24.0
Unilever,2019->2020,18.0,Balanced,25.0
Shell,2019->2020,9.0,Balanced,26.0
TotalEnergies,2021->2022,25.0,Balanced,27.0
Repsol,2019->2020,7.0,Balanced,28.0
Unilever,2020->2021,28.0,Balanced,29.0
Glencore,2021->2022,10.0,Balanced,30.0
BP,2019->2020,21.0,Balanced,31.0
Chevron,2019->2020,29.0,Balanced,32.0
Shell,2016->2017,6.0,Balanced,33.0
Repsol,2020->2021,31.0,Balanced,34.0
Glencore,2023->2024,37.0,Balanced,35.0
Shell,2017->2018,31.0,Balanced,36.0
Equinor,2018->2019,36.0,Balanced,37.0
Eni,2018->2019,31.0,Balanced,38.0
BP,2018->2019,13.0,Balanced,39.0
Glencore,2017->2018,30.0,Balanced,40.0
Glencore,2018->2019,33.0,Balanced,41.0
Equinor,2023->2024,28.0,Balanced,42.0
Chevron,2018->2019,27.0,Balanced,43.0
RioTinto,2019->2020,30.0,Balanced,44.0
Equinor,2015->2016,31.0,Balanced,45.0
Glencore,2014->2015,31.0,Balanced,46.0
Eni,2021->2022,22.0,Balanced,47.0
BP,2017->2018,40.0,Balanced,48.0
Eni,2017->2018,58.0,Balanced,49.0
Eni,2019->2020,42.0,Balanced,50.0
Chevron,2014->2015,20.0,Balanced,51.0
TotalEnergies,2016->2017,13.0,Balanced,52.0
Shell,2014->2015,39.0,Balanced,53.0
Shell,2018->2019,62.0,Balanced,54.0
Eni,2022->2023,31.0,Balanced,55.0
BP,2021->2022,27.0,Balanced,56.0
Repsol,2018->2019,59.0,Balanced,57.0
Glencore,2019->2020,20.0,Balanced,58.0
Equinor,2022->2023,64.0,Balanced,59.0
Glencore,2016->2017,23.0,Balanced,60.0
RioTinto,2014->2015,7.0,Balanced,61.0
RioTinto,2021->2022,24.0,Balanced,62.0
RioTinto,2015->2016,16.0,Balanced,63.0
Chevron,2021->2022,22.0,Balanced,64.0
ConocoPhillips,2016->2017,10.0,Balanced,65.0
Chevron,2017->2018,16.0,Balanced,66.0
ExxonMobil,2017->2018,18.0,Balanced,67.0
Eni,2015->2016,32.0,Balanced,68.0
Unilever,2018->2019,15.0,Balanced,69.0
Unilever,2015->2016,35.0,Balanced,70.0
BP,2014->2015,25.0,Balanced,71.0
TotalEnergies,2018->2019,32.0,Balanced,72.0
Eni,2023->2024,52.0,Balanced,73.0
Unilever,2016->2017,19.0,Balanced,74.0
BP,2023->2024,18.0,Balanced,75.0
BP,2016->2017,48.0,Balanced,76.0
Repsol,2022->2023,37.0,Balanced,77.0
TotalEnergies,2019->2020,21.0,Balanced,78.0
TotalEnergies,2022->2023,29.0,Balanced,79.0
ConocoPhillips,2015->2016,11.0,Balanced,80.0
Unilever,2017->2018,21.0,Balanced,81.0
ConocoPhillips,2021->2022,29.0,Balanced,82.0
Chevron,2022->2023,19.0,Balanced,83.0
Shell,2015->2016,18.0,Balanced,84.0
Chevron,2016->2017,12.0,Balanced,85.0
BP,2022->2023,39.0,Balanced,86.0
BP,2015->2016,52.0,Balanced,87.0
Shell,2021->2022,15.0,Balanced,88.0
BP,2020->2021,30.0,Balanced,89.0
TotalEnergies,2023->2024,19.0,Balanced,90.0
Repsol,2017->2018,12.0,Balanced,91.0
Equinor,2020->2021,10.0,Balanced,92.0
Equinor,2014->2015,10.0,Balanced,93.0
Equinor,2019->2020,9.0,Balanced,94.0
RioTinto,2016->2017,10.0,Balanced,95.0
TotalEnergies,2017->2018,10.0,Balanced,96.0
Glencore,2020->2021,20.0,Balanced,97.0
Unilever,2022->2023,29.0,Balanced,98.0
Glencore,2015->2016,31.0,Balanced,99.0
Repsol,2023->2024,11.0,Balanced,100.0
Equinor,2016->2017,8.0,Balanced,101.0
Shell,2022->2023,7.0,Balanced,102.0
Repsol,2021->2022,37.0,Balanced,103.0
Chevron,2015->2016,3.0,Balanced,104.0
Glencore,2022->2023,6.0,Balanced,105.0
ConocoPhillips,2023->2024,2.0,Balanced,106.0
Unilever,2014->2015,2.0,Equal-Weights,2.0
ExxonMobil,2022->2023,2.0,Equal-Weights,4.0
RioTinto,2023->2024,2.0,Equal-Weights,1.0
RioTinto,2018->2019,1.0,Equal-Weights,3.0
RioTinto,2022->2023,24.0,Equal-Weights,29.0
Chevron,2023->2024,2.0,Equal-Weights,5.0
ConocoPhillips,2017->2018,46.0,Equal-Weights,52.0
ConocoPhillips,2018->2019,37.0,Equal-Weights,45.0
ConocoPhillips,2014->2015,2.0,Equal-Weights,8.0
Equinor,2017->2018,29.0,Equal-Weights,38.0
Equinor,2021->2022,8.0,Equal-Weights,17.0
RioTinto,2020->2021,4.0,Equal-Weights,15.0
Shell,2020->2021,22.0,Equal-Weights,35.0
ConocoPhillips,2022->2023,6.0,Equal-Weights,19.0
TotalEnergies,2020->2021,10.0,Equal-Weights,16.0
Unilever,2023->2024,12.0,Equal-Weights,24.0
Eni,2016->2017,57.0,Equal-Weights,71.0
Eni,2020->2021,50.0,Equal-Weights,65.0
Chevron,2020->2021,14.0,Equal-Weights,6.0
ConocoPhillips,2019->2020,8.0,Equal-Weights,20.0
Unilever,2021->2022,24.0,Equal-Weights,34.0
ExxonMobil,2023->2024,19.0,Equal-Weights,9.0
ConocoPhillips,2020->2021,12.0,Equal-Weights,30.0
RioTinto,2017->2018,25.0,Equal-Weights,12.0
Unilever,2019->2020,18.0,Equal-Weights,41.0
Shell,2019->2020,9.0,Equal-Weights,28.0
TotalEnergies,2021->2022,25.0,Equal-Weights,49.0
Repsol,2019->2020,7.0,Equal-Weights,33.0
Unilever,2020->2021,28.0,Equal-Weights,50.0
Glencore,2021->2022,10.0,Equal-Weights,37.0
BP,2019->2020,21.0,Equal-Weights,25.0
Chevron,2019->2020,29.0,Equal-Weights,48.0
Shell,2016->2017,6.0,Equal-Weights,31.0
Repsol,2020->2021,31.0,Equal-Weights,10.0
Glencore,2023->2024,37.0,Equal-Weights,7.0
Shell,2017->2018,31.0,Equal-Weights,60.0
Equinor,2018->2019,36.0,Equal-Weights,11.0
Eni,2018->2019,31.0,Equal-Weights,14.0
BP,2018->2019,13.0,Equal-Weights,47.0
Glencore,2017->2018,30.0,Equal-Weights,13.0
Glencore,2018->2019,33.0,Equal-Weights,18.0
Equinor,2023->2024,28.0,Equal-Weights,23.0
Chevron,2018->2019,27.0,Equal-Weights,22.0
RioTinto,2019->2020,30.0,Equal-Weights,67.0
Equinor,2015->2016,31.0,Equal-Weights,26.0
Glencore,2014->2015,31.0,Equal-Weights,27.0
Eni,2021->2022,22.0,Equal-Weights,32.0
BP,2017->2018,40.0,Equal-Weights,21.0
Eni,2017->2018,58.0,Equal-Weights,94.0
Eni,2019->2020,42.0,Equal-Weights,82.0
Chevron,2014->2015,20.0,Equal-Weights,36.0
TotalEnergies,2016->2017,13.0,Equal-Weights,55.0
Shell,2014->2015,39.0,Equal-Weights,66.0
Shell,2018->2019,62.0,Equal-Weights,97.0
Eni,2022->2023,31.0,Equal-Weights,44.0
BP,2021->2022,27.0,Equal-Weights,39.0
Repsol,2018->2019,59.0,Equal-Weights,86.0
Glencore,2019->2020,20.0,Equal-Weights,40.0
Equinor,2022->2023,64.0,Equal-Weights,102.0
Glencore,2016->2017,23.0,Equal-Weights,73.0
RioTinto,2014->2015,7.0,Equal-Weights,56.0
RioTinto,2021->2022,24.0,Equal-Weights,63.0
RioTinto,2015->2016,16.0,Equal-Weights,54.0
Chevron,2021->2022,22.0,Equal-Weights,53.0
ConocoPhillips,2016->2017,10.0,Equal-Weights,69.0
Chevron,2017->2018,16.0,Equal-Weights,59.0
ExxonMobil,2017->2018,18.0,Equal-Weights,61.0
Eni,2015->2016,32.0,Equal-Weights,70.0
Unilever,2018->2019,15.0,Equal-Weights,57.0
Unilever,2015->2016,35.0,Equal-Weights,42.0
BP,2014->2015,25.0,Equal-Weights,51.0
TotalEnergies,2018->2019,32.0,Equal-Weights,46.0
Eni,2023->2024,52.0,Equal-Weights,100.0
Unilever,2016->2017,19.0,Equal-Weights,78.0
BP,2023->2024,18.0,Equal-Weights,64.0
BP,2016->2017,48.0,Equal-Weights,72.0
Repsol,2022->2023,37.0,Equal-Weights,43.0
TotalEnergies,2019->2020,21.0,Equal-Weights,85.0
TotalEnergies,2022->2023,29.0,Equal-Weights,81.0
ConocoPhillips,2015->2016,11.0,Equal-Weights,75.0
Unilever,2017->2018,21.0,Equal-Weights,62.0
ConocoPhillips,2021->2022,29.0,Equal-Weights,58.0
Chevron,2022->2023,19.0,Equal-Weights,68.0
Shell,2015->2016,18.0,Equal-Weights,80.0
Chevron,2016->2017,12.0,Equal-Weights,74.0
BP,2022->2023,39.0,Equal-Weights,79.0
BP,2015->2016,52.0,Equal-Weights,96.0
Shell,2021->2022,15.0,Equal-Weights,77.0
BP,2020->2021,30.0,Equal-Weights,87.0
TotalEnergies,2023->2024,19.0,Equal-Weights,84.0
Repsol,2017->2018,12.0,Equal-Weights,83.0
Equinor,2020->2021,10.0,Equal-Weights,92.0
Equinor,2014->2015,10.0,Equal-Weights,90.0
Equinor,2019->2020,9.0,Equal-Weights,88.0
RioTinto,2016->2017,10.0,Equal-Weights,93.0
TotalEnergies,2017->2018,10.0,Equal-Weights,89.0
Glencore,2020->2021,20.0,Equal-Weights,98.0
Unilever,2022->2023,29.0,Equal-Weights,76.0
Glencore,2015->2016,31.0,Equal-Weights,106.0
Repsol,2023->2024,11.0,Equal-Weights,91.0
Equinor,2016->2017,8.0,Equal-Weights,99.0
Shell,2022->2023,7.0,Equal-Weights,95.0
Repsol,2021->2022,37.0,Equal-Weights,103.0
Chevron,2015->2016,3.0,Equal-Weights,101.0
Glencore,2022->2023,6.0,Equal-Weights,105.0
ConocoPhillips,2023->2024,2.0,Equal-Weights,104.0
Unilever,2014->2015,2.0,SBERT-Heavy,1.0
ExxonMobil,2022->2023,2.0,SBERT-Heavy,2.0
RioTinto,2023->2024,2.0,SBERT-Heavy,3.0
RioTinto,2018->2019,1.0,SBERT-Heavy,4.0
RioTinto,2022->2023,24.0,SBERT-Heavy,5.0
Chevron,2023->2024,2.0,SBERT-Heavy,7.0
ConocoPhillips,2017->2018,46.0,SBERT-Heavy,6.0
ConocoPhillips,2018->2019,37.0,SBERT-Heavy,8.0
ConocoPhillips,2014->2015,2.0,SBERT-Heavy,10.0
Equinor,2017->2018,29.0,SBERT-Heavy,9.0
Equinor,2021->2022,8.0,SBERT-Heavy,11.0
RioTinto,2020->2021,4.0,SBERT-Heavy,12.0
Shell,2020->2021,22.0,SBERT-Heavy,13.0
ConocoPhillips,2022->2023,6.0,SBERT-Heavy,16.0
TotalEnergies,2020->2021,10.0,SBERT-Heavy,21.0
Unilever,2023->2024,12.0,SBERT-Heavy,19.0
Eni,2016->2017,57.0,SBERT-Heavy,14.0
Eni,2020->2021,50.0,SBERT-Heavy,15.0
Chevron,2020->2021,14.0,SBERT-Heavy,20.0
ConocoPhillips,2019->2020,8.0,SBERT-Heavy,17.0
Unilever,2021->2022,24.0,SBERT-Heavy,25.0
ExxonMobil,2023->2024,19.0,SBERT-Heavy,28.0
ConocoPhillips,2020->2021,12.0,SBERT-Heavy,18.0
RioTinto,2017->2018,25.0,SBERT-Heavy,23.0
Unilever,2019->2020,18.0,SBERT-Heavy,26.0
Shell,2019->2020,9.0,SBERT-Heavy,31.0
TotalEnergies,2021->2022,25.0,SBERT-Heavy,24.0
Repsol,2019->2020,7.0,SBERT-Heavy,30.0
Unilever,2020->2021,28.0,SBERT-Heavy,22.0
Glencore,2021->2022,10.0,SBERT-Heavy,27.0
BP,2019->2020,21.0,SBERT-Heavy,39.0
Chevron,2019->2020,29.0,SBERT-Heavy,33.0
Shell,2016->2017,6.0,SBERT-Heavy,32.0
Repsol,2020->2021,31.0,SBERT-Heavy,41.0
Glencore,2023->2024,37.0,SBERT-Heavy,44.0
Shell,2017->2018,31.0,SBERT-Heavy,29.0
Equinor,2018->2019,36.0,SBERT-Heavy,47.0
Eni,2018->2019,31.0,SBERT-Heavy,45.0
BP,2018->2019,13.0,SBERT-Heavy,34.0
Glencore,2017->2018,30.0,SBERT-Heavy,43.0
Glencore,2018->2019,33.0,SBERT-Heavy,51.0
Equinor,2023->2024,28.0,SBERT-Heavy,46.0
Chevron,2018->2019,27.0,SBERT-Heavy,49.0
RioTinto,2019->2020,30.0,SBERT-Heavy,37.0
Equinor,2015->2016,31.0,SBERT-Heavy,52.0
Glencore,2014->2015,31.0,SBERT-Heavy,53.0
Eni,2021->2022,22.0,SBERT-Heavy,54.0
BP,2017->2018,40.0,SBERT-Heavy,61.0
Eni,2017->2018,58.0,SBERT-Heavy,36.0
Eni,2019->2020,42.0,SBERT-Heavy,40.0
Chevron,2014->2015,20.0,SBERT-Heavy,55.0
TotalEnergies,2016->2017,13.0,SBERT-Heavy,48.0
Shell,2014->2015,39.0,SBERT-Heavy,42.0
Shell,2018->2019,62.0,SBERT-Heavy,35.0
Eni,2022->2023,31.0,SBERT-Heavy,57.0
BP,2021->2022,27.0,SBERT-Heavy,56.0
Repsol,2018->2019,59.0,SBERT-Heavy,59.0
Glencore,2019->2020,20.0,SBERT-Heavy,60.0
Equinor,2022->2023,64.0,SBERT-Heavy,38.0
Glencore,2016->2017,23.0,SBERT-Heavy,50.0
RioTinto,2014->2015,7.0,SBERT-Heavy,58.0
RioTinto,2021->2022,24.0,SBERT-Heavy,69.0
RioTinto,2015->2016,16.0,SBERT-Heavy,67.0
Chevron,2021->2022,22.0,SBERT-Heavy,71.0
ConocoPhillips,2016->2017,10.0,SBERT-Heavy,62.0
Chevron,2017->2018,16.0,SBERT-Heavy,66.0
ExxonMobil,2017->2018,18.0,SBERT-Heavy,70.0
Eni,2015->2016,32.0,SBERT-Heavy,68.0
Unilever,2018->2019,15.0,SBERT-Heavy,72.0
Unilever,2015->2016,35.0,SBERT-Heavy,77.0
BP,2014->2015,25.0,SBERT-Heavy,73.0
TotalEnergies,2018->2019,32.0,SBERT-Heavy,78.0
Eni,2023->2024,52.0,SBERT-Heavy,63.0
Unilever,2016->2017,19.0,SBERT-Heavy,64.0
BP,2023->2024,18.0,SBERT-Heavy,74.0
BP,2016->2017,48.0,SBERT-Heavy,82.0
Repsol,2022->2023,37.0,SBERT-Heavy,80.0
TotalEnergies,2019->2020,21.0,SBERT-Heavy,65.0
TotalEnergies,2022->2023,29.0,SBERT-Heavy,79.0
ConocoPhillips,2015->2016,11.0,SBERT-Heavy,76.0
Unilever,2017->2018,21.0,SBERT-Heavy,83.0
ConocoPhillips,2021->2022,29.0,SBERT-Heavy,87.0
Chevron,2022->2023,19.0,SBERT-Heavy,85.0
Shell,2015->2016,18.0,SBERT-Heavy,81.0
Chevron,2016->2017,12.0,SBERT-Heavy,86.0
BP,2022->2023,39.0,SBERT-Heavy,92.0
BP,2015->2016,52.0,SBERT-Heavy,91.0
Shell,2021->2022,15.0,SBERT-Heavy,89.0
BP,2020->2021,30.0,SBERT-Heavy,94.0
TotalEnergies,2023->2024,19.0,SBERT-Heavy,96.0
Repsol,2017->2018,12.0,SBERT-Heavy,95.0
Equinor,2020->2021,10.0,SBERT-Heavy,88.0
Equinor,2014->2015,10.0,SBERT-Heavy,93.0
Equinor,2019->2020,9.0,SBERT-Heavy,97.0
RioTinto,2016->2017,10.0,SBERT-Heavy,90.0
TotalEnergies,2017->2018,10.0,SBERT-Heavy,99.0
Glencore,2020->2021,20.0,SBERT-Heavy,84.0
Unilever,2022->2023,29.0,SBERT-Heavy,100.0
Glencore,2015->2016,31.0,SBERT-Heavy,75.0
Repsol,2023->2024,11.0,SBERT-Heavy,102.0
Equinor,2016->2017,8.0,SBERT-Heavy,98.0
Shell,2022->2023,7.0,SBERT-Heavy,101.0
Repsol,2021->2022,37.0,SBERT-Heavy,104.0
Chevron,2015->2016,3.0,SBERT-Heavy,103.0
Glencore,2022->2023,6.0,SBERT-Heavy,105.0
ConocoPhillips,2023->2024,2.0,SBERT-Heavy,106.0
Unilever,2014->2015,2.0,LDA-JSD-Heavy,3.0
ExxonMobil,2022->2023,2.0,LDA-JSD-Heavy,2.0
RioTinto,2023->2024,2.0,LDA-JSD-Heavy,1.0
RioTinto,2018->2019,1.0,LDA-JSD-Heavy,4.0
RioTinto,2022->2023,24.0,LDA-JSD-Heavy,6.0
Chevron,2023->2024,2.0,LDA-JSD-Heavy,5.0
ConocoPhillips,2017->2018,46.0,LDA-JSD-Heavy,7.0
ConocoPhillips,2018->2019,37.0,LDA-JSD-Heavy,28.0
ConocoPhillips,2014->2015,2.0,LDA-JSD-Heavy,8.0
Equinor,2017->2018,29.0,LDA-JSD-Heavy,15.0
Equinor,2021->2022,8.0,LDA-JSD-Heavy,9.0
RioTinto,2020->2021,4.0,LDA-JSD-Heavy,16.0
Shell,2020->2021,22.0,LDA-JSD-Heavy,24.0
ConocoPhillips,2022->2023,6.0,LDA-JSD-Heavy,13.0
TotalEnergies,2020->2021,10.0,LDA-JSD-Heavy,11.0
Unilever,2023->2024,12.0,LDA-JSD-Heavy,12.0
Eni,2016->2017,57.0,LDA-JSD-Heavy,30.0
Eni,2020->2021,50.0,LDA-JSD-Heavy,20.0
Chevron,2020->2021,14.0,LDA-JSD-Heavy,17.0
ConocoPhillips,2019->2020,8.0,LDA-JSD-Heavy,21.0
Unilever,2021->2022,24.0,LDA-JSD-Heavy,10.0
ExxonMobil,2023->2024,19.0,LDA-JSD-Heavy,14.0
ConocoPhillips,2020->2021,12.0,LDA-JSD-Heavy,25.0
RioTinto,2017->2018,25.0,LDA-JSD-Heavy,37.0
Unilever,2019->2020,18.0,LDA-JSD-Heavy,23.0
Shell,2019->2020,9.0,LDA-JSD-Heavy,22.0
TotalEnergies,2021->2022,25.0,LDA-JSD-Heavy,32.0
Repsol,2019->2020,7.0,LDA-JSD-Heavy,26.0
Unilever,2020->2021,28.0,LDA-JSD-Heavy,41.0
Glencore,2021->2022,10.0,LDA-JSD-Heavy,29.0
BP,2019->2020,21.0,LDA-JSD-Heavy,18.0
Chevron,2019->2020,29.0,LDA-JSD-Heavy,19.0
Shell,2016->2017,6.0,LDA-JSD-Heavy,35.0
Repsol,2020->2021,31.0,LDA-JSD-Heavy,33.0
Glencore,2023->2024,37.0,LDA-JSD-Heavy,36.0
Shell,2017->2018,31.0,LDA-JSD-Heavy,46.0
Equinor,2018->2019,36.0,LDA-JSD-Heavy,40.0
Eni,2018->2019,31.0,LDA-JSD-Heavy,42.0
BP,2018->2019,13.0,LDA-JSD-Heavy,34.0
Glencore,2017->2018,30.0,LDA-JSD-Heavy,43.0
Glencore,2018->2019,33.0,LDA-JSD-Heavy,31.0
Equinor,2023->2024,28.0,LDA-JSD-Heavy,51.0
Chevron,2018->2019,27.0,LDA-JSD-Heavy,47.0
RioTinto,2019->2020,30.0,LDA-JSD-Heavy,56.0
Equinor,2015->2016,31.0,LDA-JSD-Heavy,57.0
Glencore,2014->2015,31.0,LDA-JSD-Heavy,58.0
Eni,2021->2022,22.0,LDA-JSD-Heavy,50.0
BP,2017->2018,40.0,LDA-JSD-Heavy,49.0
Eni,2017->2018,58.0,LDA-JSD-Heavy,60.0
Eni,2019->2020,42.0,LDA-JSD-Heavy,65.0
Chevron,2014->2015,20.0,LDA-JSD-Heavy,39.0
TotalEnergies,2016->2017,13.0,LDA-JSD-Heavy,61.0
Shell,2014->2015,39.0,LDA-JSD-Heavy,81.0
Shell,2018->2019,62.0,LDA-JSD-Heavy,96.0
Eni,2022->2023,31.0,LDA-JSD-Heavy,72.0
BP,2021->2022,27.0,LDA-JSD-Heavy,66.0
Repsol,2018->2019,59.0,LDA-JSD-Heavy,27.0
Glencore,2019->2020,20.0,LDA-JSD-Heavy,53.0
Equinor,2022->2023,64.0,LDA-JSD-Heavy,59.0
Glencore,2016->2017,23.0,LDA-JSD-Heavy,55.0
RioTinto,2014->2015,7.0,LDA-JSD-Heavy,63.0
RioTinto,2021->2022,24.0,LDA-JSD-Heavy,45.0
RioTinto,2015->2016,16.0,LDA-JSD-Heavy,70.0
Chevron,2021->2022,22.0,LDA-JSD-Heavy,75.0
ConocoPhillips,2016->2017,10.0,LDA-JSD-Heavy,71.0
Chevron,2017->2018,16.0,LDA-JSD-Heavy,74.0
ExxonMobil,2017->2018,18.0,LDA-JSD-Heavy,79.0
Eni,2015->2016,32.0,LDA-JSD-Heavy,84.0
Unilever,2018->2019,15.0,LDA-JSD-Heavy,68.0
Unilever,2015->2016,35.0,LDA-JSD-Heavy,73.0
BP,2014->2015,25.0,LDA-JSD-Heavy,76.0
TotalEnergies,2018->2019,32.0,LDA-JSD-Heavy,69.0
Eni,2023->2024,52.0,LDA-JSD-Heavy,48.0
Unilever,2016->2017,19.0,LDA-JSD-Heavy,83.0
BP,2023->2024,18.0,LDA-JSD-Heavy,62.0
BP,2016->2017,48.0,LDA-JSD-Heavy,38.0
Repsol,2022->2023,37.0,LDA-JSD-Heavy,77.0
TotalEnergies,2019->2020,21.0,LDA-JSD-Heavy,86.0
TotalEnergies,2022->2023,29.0,LDA-JSD-Heavy,52.0
ConocoPhillips,2015->2016,11.0,LDA-JSD-Heavy,85.0
Unilever,2017->2018,21.0,LDA-JSD-Heavy,78.0
ConocoPhillips,2021->2022,29.0,LDA-JSD-Heavy,80.0
Chevron,2022->2023,19.0,LDA-JSD-Heavy,87.0
Shell,2015->2016,18.0,LDA-JSD-Heavy,90.0
Chevron,2016->2017,12.0,LDA-JSD-Heavy,82.0
BP,2022->2023,39.0,LDA-JSD-Heavy,54.0
BP,2015->2016,52.0,LDA-JSD-Heavy,44.0
Shell,2021->2022,15.0,LDA-JSD-Heavy,88.0
BP,2020->2021,30.0,LDA-JSD-Heavy,64.0
TotalEnergies,2023->2024,19.0,LDA-JSD-Heavy,93.0
Repsol,2017->2018,12.0,LDA-JSD-Heavy,91.0
Equinor,2020->2021,10.0,LDA-JSD-Heavy,98.0
Equinor,2014->2015,10.0,LDA-JSD-Heavy,97.0
Equinor,2019->2020,9.0,LDA-JSD-Heavy,94.0
RioTinto,2016->2017,10.0,LDA-JSD-Heavy,100.0
TotalEnergies,2017->2018,10.0,LDA-JSD-Heavy,92.0
Glencore,2020->2021,20.0,LDA-JSD-Heavy,104.0
Unilever,2022->2023,29.0,LDA-JSD-Heavy,95.0
Glencore,2015->2016,31.0,LDA-JSD-Heavy,89.0
Repsol,2023->2024,11.0,LDA-JSD-Heavy,101.0
Equinor,2016->2017,8.0,LDA-JSD-Heavy,105.0
Shell,2022->2023,7.0,LDA-JSD-Heavy,102.0
Repsol,2021->2022,37.0,LDA-JSD-Heavy,67.0
Chevron,2015->2016,3.0,LDA-JSD-Heavy,103.0
Glencore,2022->2023,6.0,LDA-JSD-Heavy,99.0
ConocoPhillips,2023->2024,2.0,LDA-JSD-Heavy,106.0
Unilever,2014->2015,2.0,Jaccard-Heavy,2.0
ExxonMobil,2022->2023,2.0,Jaccard-Heavy,3.0
RioTinto,2023->2024,2.0,Jaccard-Heavy,1.0
RioTinto,2018->2019,1.0,Jaccard-Heavy,4.0
RioTinto,2022->2023,24.0,Jaccard-Heavy,6.0
Chevron,2023->2024,2.0,Jaccard-Heavy,5.0
ConocoPhillips,2017->2018,46.0,Jaccard-Heavy,7.0
ConocoPhillips,2018->2019,37.0,Jaccard-Heavy,8.0
ConocoPhillips,2014->2015,2.0,Jaccard-Heavy,9.0
Equinor,2017->2018,29.0,Jaccard-Heavy,11.0
Equinor,2021->2022,8.0,Jaccard-Heavy,10.0
RioTinto,2020->2021,4.0,Jaccard-Heavy,12.0
Shell,2020->2021,22.0,Jaccard-Heavy,15.0
ConocoPhillips,2022->2023,6.0,Jaccard-Heavy,17.0
TotalEnergies,2020->2021,10.0,Jaccard-Heavy,14.0
Unilever,2023->2024,12.0,Jaccard-Heavy,18.0
Eni,2016->2017,57.0,Jaccard-Heavy,20.0
Eni,2020->2021,50.0,Jaccard-Heavy,21.0
Chevron,2020->2021,14.0,Jaccard-Heavy,16.0
ConocoPhillips,2019->2020,8.0,Jaccard-Heavy,13.0
Unilever,2021->2022,24.0,Jaccard-Heavy,23.0
ExxonMobil,2023->2024,19.0,Jaccard-Heavy,19.0
ConocoPhillips,2020->2021,12.0,Jaccard-Heavy,22.0
RioTinto,2017->2018,25.0,Jaccard-Heavy,24.0
Unilever,2019->2020,18.0,Jaccard-Heavy,33.0
Shell,2019->2020,9.0,Jaccard-Heavy,27.0
TotalEnergies,2021->2022,25.0,Jaccard-Heavy,26.0
Repsol,2019->2020,7.0,Jaccard-Heavy,32.0
Unilever,2020->2021,28.0,Jaccard-Heavy,38.0
Glencore,2021->2022,10.0,Jaccard-Heavy,35.0
BP,2019->2020,21.0,Jaccard-Heavy,36.0
Chevron,2019->2020,29.0,Jaccard-Heavy,30.0
Shell,2016->2017,6.0,Jaccard-Heavy,29.0
Repsol,2020->2021,31.0,Jaccard-Heavy,28.0
Glencore,2023->2024,37.0,Jaccard-Heavy,37.0
Shell,2017->2018,31.0,Jaccard-Heavy,39.0
Equinor,2018->2019,36.0,Jaccard-Heavy,34.0
Eni,2018->2019,31.0,Jaccard-Heavy,25.0
BP,2018->2019,13.0,Jaccard-Heavy,43.0
Glencore,2017->2018,30.0,Jaccard-Heavy,31.0
Glencore,2018->2019,33.0,Jaccard-Heavy,40.0
Equinor,2023->2024,28.0,Jaccard-Heavy,42.0
Chevron,2018->2019,27.0,Jaccard-Heavy,44.0
RioTinto,2019->2020,30.0,Jaccard-Heavy,62.0
Equinor,2015->2016,31.0,Jaccard-Heavy,49.0
Glencore,2014->2015,31.0,Jaccard-Heavy,48.0
Eni,2021->2022,22.0,Jaccard-Heavy,45.0
BP,2017->2018,40.0,Jaccard-Heavy,50.0
Eni,2017->2018,58.0,Jaccard-Heavy,46.0
Eni,2019->2020,42.0,Jaccard-Heavy,47.0
Chevron,2014->2015,20.0,Jaccard-Heavy,56.0
TotalEnergies,2016->2017,13.0,Jaccard-Heavy,53.0
Shell,2014->2015,39.0,Jaccard-Heavy,60.0
Shell,2018->2019,62.0,Jaccard-Heavy,70.0
Eni,2022->2023,31.0,Jaccard-Heavy,41.0
BP,2021->2022,27.0,Jaccard-Heavy,59.0
Repsol,2018->2019,59.0,Jaccard-Heavy,68.0
Glencore,2019->2020,20.0,Jaccard-Heavy,58.0
Equinor,2022->2023,64.0,Jaccard-Heavy,79.0
Glencore,2016->2017,23.0,Jaccard-Heavy,57.0
RioTinto,2014->2015,7.0,Jaccard-Heavy,63.0
RioTinto,2021->2022,24.0,Jaccard-Heavy,66.0
RioTinto,2015->2016,16.0,Jaccard-Heavy,54.0
Chevron,2021->2022,22.0,Jaccard-Heavy,55.0
ConocoPhillips,2016->2017,10.0,Jaccard-Heavy,61.0
Chevron,2017->2018,16.0,Jaccard-Heavy,75.0
ExxonMobil,2017->2018,18.0,Jaccard-Heavy,69.0
Eni,2015->2016,32.0,Jaccard-Heavy,52.0
Unilever,2018->2019,15.0,Jaccard-Heavy,67.0
Unilever,2015->2016,35.0,Jaccard-Heavy,64.0
BP,2014->2015,25.0,Jaccard-Heavy,76.0
TotalEnergies,2018->2019,32.0,Jaccard-Heavy,71.0
Eni,2023->2024,52.0,Jaccard-Heavy,51.0
Unilever,2016->2017,19.0,Jaccard-Heavy,73.0
BP,2023->2024,18.0,Jaccard-Heavy,80.0
BP,2016->2017,48.0,Jaccard-Heavy,86.0
Repsol,2022->2023,37.0,Jaccard-Heavy,78.0
TotalEnergies,2019->2020,21.0,Jaccard-Heavy,82.0
TotalEnergies,2022->2023,29.0,Jaccard-Heavy,65.0
ConocoPhillips,2015->2016,11.0,Jaccard-Heavy,74.0
Unilever,2017->2018,21.0,Jaccard-Heavy,81.0
ConocoPhillips,2021->2022,29.0,Jaccard-Heavy,85.0
Chevron,2022->2023,19.0,Jaccard-Heavy,83.0
Shell,2015->2016,18.0,Jaccard-Heavy,72.0
Chevron,2016->2017,12.0,Jaccard-Heavy,84.0
BP,2022->2023,39.0,Jaccard-Heavy,93.0
BP,2015->2016,52.0,Jaccard-Heavy,95.0
Shell,2021->2022,15.0,Jaccard-Heavy,92.0
BP,2020->2021,30.0,Jaccard-Heavy,88.0
TotalEnergies,2023->2024,19.0,Jaccard-Heavy,77.0
Repsol,2017->2018,12.0,Jaccard-Heavy,91.0
Equinor,2020->2021,10.0,Jaccard-Heavy,90.0
Equinor,2014->2015,10.0,Jaccard-Heavy,87.0
Equinor,2019->2020,9.0,Jaccard-Heavy,89.0
RioTinto,2016->2017,10.0,Jaccard-Heavy,94.0
TotalEnergies,2017->2018,10.0,Jaccard-Heavy,96.0
Glencore,2020->2021,20.0,Jaccard-Heavy,98.0
Unilever,2022->2023,29.0,Jaccard-Heavy,105.0
Glencore,2015->2016,31.0,Jaccard-Heavy,101.0
Repsol,2023->2024,11.0,Jaccard-Heavy,99.0
Equinor,2016->2017,8.0,Jaccard-Heavy,97.0
Shell,2022->2023,7.0,Jaccard-Heavy,100.0
Repsol,2021->2022,37.0,Jaccard-Heavy,103.0
Chevron,2015->2016,3.0,Jaccard-Heavy,102.0
Glencore,2022->2023,6.0,Jaccard-Heavy,104.0
ConocoPhillips,2023->2024,2.0,Jaccard-Heavy,106.0
