Rank,firm_name,year_from,year_to,veris_score,veris_band,sbert_drift,gunning_fog_index,type_token_ratio,emissions_delta_pct,greenwashing_quadrant,gap_score,year_label
1,ExxonMobil,2022,2023,0.8944,Very High,0.1696,21.2041,0.1277,0.0033,2 - Greenwashing signal,0.8977,2022-2023
2,RioTinto,2023,2024,0.8935,Very High,0.1623,16.5029,0.1301,-0.017,1 - Genuine improvement,0.9105,2023-2024
3,RioTinto,2018,2019,0.8434,Very High,0.1557,17.1901,0.1124,0.0155,2 - Greenwashing signal,0.8589,2018-2019
4,RioTinto,2022,2023,0.7018,Very High,0.1313,19.9598,0.1488,0.0117,2 - Greenwashing signal,0.7135,2022-2023
5,Chevron,2023,2024,0.6685,Very High,0.116,18.2897,0.1286,0.0009,2 - Greenwashing signal,0.6694,2023-2024
6,ConocoPhillips,2017,2018,0.6644,Very High,0.1284,17.1298,0.1363,0.0263,2 - Greenwashing signal,0.6907,2017-2018
7,ConocoPhillips,2018,2019,0.3427,Very High,0.0646,18.9818,0.1863,0.0048,2 - Greenwashing signal,0.3475,2018-2019
8,Equinor,2017,2018,0.3185,Very High,0.0527,18.9041,0.1432,-0.0154,1 - Genuine improvement,0.3339,2017-2018
9,Equinor,2021,2022,0.3095,Very High,0.0441,19.7082,0.1334,-0.0476,1 - Genuine improvement,0.3571,2021-2022
10,ConocoPhillips,2022,2023,0.2659,Very High,0.0347,19.7336,0.1309,0.0718,2 - Greenwashing signal,0.3377,2022-2023
11,Eni,2016,2017,0.2508,Very High,0.0424,20.2488,0.1733,0.0034,2 - Greenwashing signal,0.2542,2016-2017
12,ConocoPhillips,2019,2020,0.2451,Very High,0.0341,19.7871,0.1439,-0.1111,1 - Genuine improvement,0.3562,2019-2020
13,ExxonMobil,2023,2024,0.2352,Very High,0.0179,18.2897,0.1286,0.0119,2 - Greenwashing signal,0.2471,2023-2024
14,RioTinto,2017,2018,0.2155,Very High,0.0252,19.073,0.1129,0.0313,2 - Greenwashing signal,0.2468,2017-2018
15,Shell,2019,2020,0.2069,Very High,0.0237,16.4579,0.1416,-0.0471,1 - Genuine improvement,0.254,2019-2020
16,TotalEnergies,2021,2022,0.2036,Very High,0.0276,17.8359,0.1453,0.0256,2 - Greenwashing signal,0.2292,2021-2022
17,Repsol,2019,2020,0.2035,High,0.0245,16.5434,0.1332,-0.0276,1 - Genuine improvement,0.2311,2019-2020
18,Glencore,2021,2022,0.2027,High,0.0262,21.0266,0.1335,-0.0155,1 - Genuine improvement,0.2182,2021-2022
19,BP,2019,2020,0.2011,High,0.0155,18.2982,0.1253,-0.0514,1 - Genuine improvement,0.2525,2019-2020
20,Chevron,2019,2020,0.1988,High,0.0218,17.4857,0.1551,-0.0725,1 - Genuine improvement,0.2713,2019-2020
21,Shell,2016,2017,0.1958,High,0.0232,18.3008,0.1704,0.0134,2 - Greenwashing signal,0.2092,2016-2017
22,Glencore,2023,2024,0.1929,High,0.0047,21.4366,0.1278,0.0219,2 - Greenwashing signal,0.2148,2023-2024
23,Shell,2017,2018,0.1923,High,0.0266,18.3122,0.1755,0.0175,2 - Greenwashing signal,0.2098,2017-2018
24,Equinor,2018,2019,0.189,High,0.008,19.0345,0.1359,-0.0065,1 - Genuine improvement,0.1955,2018-2019
25,Eni,2018,2019,0.1886,High,0.0099,21.7325,0.2158,0.0177,2 - Greenwashing signal,0.2063,2018-2019
26,BP,2018,2019,0.1885,High,0.023,17.242,0.1266,0.0024,2 - Greenwashing signal,0.1909,2018-2019
27,Glencore,2017,2018,0.1875,High,0.0105,20.3281,0.1333,0.0353,2 - Greenwashing signal,0.2228,2017-2018
28,Glencore,2018,2019,0.1807,High,0.0084,20.5965,0.1242,0.007,2 - Greenwashing signal,0.1877,2018-2019
29,Equinor,2023,2024,0.1774,High,0.0145,18.6151,0.1248,-0.0474,1 - Genuine improvement,0.2248,2023-2024
30,Chevron,2018,2019,0.1763,High,0.0139,16.7425,0.1679,0.0129,2 - Greenwashing signal,0.1892,2018-2019
31,RioTinto,2019,2020,0.1718,High,0.0223,17.2003,0.1292,-0.0281,1 - Genuine improvement,0.1999,2019-2020
32,Equinor,2015,2016,0.1699,High,0.0122,17.5062,0.1349,-0.0062,1 - Genuine improvement,0.1761,2015-2016
33,Eni,2021,2022,0.1682,High,0.0124,24.3545,0.1551,0.0068,2 - Greenwashing signal,0.175,2021-2022
34,Eni,2017,2018,0.168,High,0.0239,23.2373,0.2117,-0.0054,1 - Genuine improvement,0.1734,2017-2018
35,BP,2017,2018,0.168,High,0.0074,17.1948,0.1373,-0.0009,1 - Genuine improvement,0.1689,2017-2018
36,Eni,2019,2020,0.1671,High,0.0218,23.3715,0.1722,-0.0675,1 - Genuine improvement,0.2346,2019-2020
37,TotalEnergies,2016,2017,0.1651,High,0.0183,16.326,0.1611,0.0143,2 - Greenwashing signal,0.1794,2016-2017
38,Shell,2018,2019,0.1624,Medium,0.0257,16.061,0.152,0.0022,4 - Stagnant,0.1646,2018-2019
39,Eni,2022,2023,0.1623,Medium,0.0133,23.3387,0.1704,-0.0313,3 - Greenhushing,0.1936,2022-2023
40,BP,2021,2022,0.1606,Medium,0.0138,17.4171,0.12,-0.0097,3 - Greenhushing,0.1703,2021-2022
41,Repsol,2018,2019,0.1602,Medium,0.0146,16.0929,0.1406,-0.0038,3 - Greenhushing,0.164,2018-2019
42,Glencore,2019,2020,0.1599,Medium,0.0129,21.4772,0.1322,-0.0329,3 - Greenhushing,0.1928,2019-2020
43,Equinor,2022,2023,0.1598,Medium,0.0245,19.2589,0.1309,-0.1528,3 - Greenhushing,0.3126,2022-2023
44,Glencore,2016,2017,0.1593,Medium,0.0176,19.9903,0.1285,0.0362,4 - Stagnant,0.1955,2016-2017
45,RioTinto,2021,2022,0.1542,Medium,0.0125,16.76,0.0991,0.0196,4 - Stagnant,0.1738,2021-2022
46,RioTinto,2015,2016,0.154,Medium,0.0127,17.6591,0.1383,0.033,4 - Stagnant,0.187,2015-2016
47,Chevron,2021,2022,0.1526,Medium,0.0117,18.8385,0.1659,0.0777,4 - Stagnant,0.2303,2021-2022
48,ConocoPhillips,2016,2017,0.1517,Medium,0.0149,17.8972,0.1836,0.0575,4 - Stagnant,0.2092,2016-2017
49,Chevron,2017,2018,0.1516,Medium,0.0136,17.0837,0.1954,0.0227,4 - Stagnant,0.1743,2017-2018
50,ExxonMobil,2017,2018,0.15,Medium,0.013,17.2181,0.1604,0.0116,4 - Stagnant,0.1616,2017-2018
51,Eni,2015,2016,0.1495,Medium,0.0139,20.6225,0.1777,0.0439,4 - Stagnant,0.1934,2015-2016
52,TotalEnergies,2018,2019,0.1475,Medium,0.0077,16.5161,0.1469,0.0198,4 - Stagnant,0.1673,2018-2019
53,Eni,2023,2024,0.1469,Medium,0.0169,22.5111,0.1444,-0.0763,3 - Greenhushing,0.2232,2023-2024
54,BP,2023,2024,0.145,Medium,0.0113,18.3748,0.1255,-0.027,3 - Greenhushing,0.172,2023-2024
55,BP,2016,2017,0.1447,Medium,0.0077,15.8763,0.1414,-0.0034,3 - Greenhushing,0.1481,2016-2017
56,Repsol,2022,2023,0.1445,Medium,0.0053,18.0301,0.1371,0.0638,4 - Stagnant,0.2083,2022-2023
57,TotalEnergies,2019,2020,0.1434,Medium,0.0161,17.547,0.1455,-0.0673,3 - Greenhushing,0.2107,2019-2020
58,TotalEnergies,2022,2023,0.1422,Medium,0.0103,17.2252,0.1543,0.0056,4 - Stagnant,0.1478,2022-2023
59,ConocoPhillips,2015,2016,0.1406,Low,0.0119,18.0338,0.1802,0.0058,4 - Stagnant,0.1464,2015-2016
60,ConocoPhillips,2021,2022,0.1377,Low,0.0045,20.7638,0.1331,0.0388,4 - Stagnant,0.1765,2021-2022
61,Chevron,2022,2023,0.1373,Low,0.0084,18.7215,0.1547,-0.0207,3 - Greenhushing,0.158,2022-2023
62,Shell,2015,2016,0.1357,Low,0.0103,18.1872,0.1587,-0.0012,3 - Greenhushing,0.1369,2015-2016
63,Chevron,2016,2017,0.1344,Low,0.0084,17.1025,0.1968,0.0174,4 - Stagnant,0.1518,2016-2017
64,BP,2022,2023,0.133,Low,0.007,18.1969,0.1239,-0.002,3 - Greenhushing,0.135,2022-2023
65,BP,2015,2016,0.1319,Low,0.0095,16.3946,0.1395,0.0152,4 - Stagnant,0.1471,2015-2016
66,Shell,2021,2022,0.1316,Low,0.0084,18.4096,0.1296,0.0246,4 - Stagnant,0.1562,2021-2022
67,TotalEnergies,2023,2024,0.1282,Low,0.0066,17.9145,0.1395,-0.0261,3 - Greenhushing,0.1543,2023-2024
68,Repsol,2017,2018,0.127,Low,0.0077,16.8511,0.1328,0.0043,4 - Stagnant,0.1313,2017-2018
69,Equinor,2019,2020,0.1246,Low,0.0071,18.6344,0.1277,-0.0373,3 - Greenhushing,0.1619,2019-2020
70,RioTinto,2016,2017,0.1235,Low,0.0113,17.9004,0.1362,0.0034,4 - Stagnant,0.1269,2016-2017
71,TotalEnergies,2017,2018,0.1208,Low,0.0062,16.0028,0.1504,0.0069,4 - Stagnant,0.1277,2017-2018
72,Glencore,2015,2016,0.1175,Low,0.0182,20.1898,0.1303,0.0051,4 - Stagnant,0.1226,2015-2016
73,Repsol,2023,2024,0.1125,Low,0.0031,17.6638,0.1419,-0.0135,3 - Greenhushing,0.126,2023-2024
74,Equinor,2016,2017,0.1116,Low,0.0101,19.5185,0.1276,0.0041,4 - Stagnant,0.1157,2016-2017
75,Shell,2022,2023,0.1102,Low,0.0061,18.8017,0.1296,0.0002,4 - Stagnant,0.1104,2022-2023
76,Repsol,2021,2022,0.1065,Low,0.0057,18.1052,0.1371,0.0964,4 - Stagnant,0.2029,2021-2022
77,Chevron,2015,2016,0.103,Low,0.0077,16.4686,0.1877,0.0025,4 - Stagnant,0.1055,2015-2016
78,Glencore,2022,2023,0.0908,Low,0.0085,21.2662,0.1317,0.0316,4 - Stagnant,0.1224,2022-2023
79,ConocoPhillips,2023,2024,0.0786,Low,0.0044,19.7418,0.1313,-0.0041,3 - Greenhushing,0.0827,2023-2024
