Firm,Period,Balanced,Equal-Weights,SBERT-Heavy,LDA-JSD-Heavy,Jaccard-Heavy,Rank Spread
Unilever,2014->2015,1.0,2.0,1.0,3.0,2.0,2.0
ExxonMobil,2022->2023,2.0,4.0,2.0,2.0,3.0,2.0
RioTinto,2023->2024,3.0,1.0,3.0,1.0,1.0,2.0
RioTinto,2018->2019,4.0,3.0,4.0,4.0,4.0,1.0
RioTinto,2022->2023,5.0,29.0,5.0,6.0,6.0,24.0
Chevron,2023->2024,6.0,5.0,7.0,5.0,5.0,2.0
ConocoPhillips,2017->2018,7.0,52.0,6.0,7.0,7.0,46.0
ConocoPhillips,2018->2019,8.0,45.0,8.0,28.0,8.0,37.0
ConocoPhillips,2014->2015,9.0,8.0,10.0,8.0,9.0,2.0
Equinor,2017->2018,10.0,38.0,9.0,15.0,11.0,29.0
Equinor,2021->2022,11.0,17.0,11.0,9.0,10.0,8.0
RioTinto,2020->2021,12.0,15.0,12.0,16.0,12.0,4.0
Shell,2020->2021,13.0,35.0,13.0,24.0,15.0,22.0
ConocoPhillips,2022->2023,14.0,19.0,16.0,13.0,17.0,6.0
TotalEnergies,2020->2021,15.0,16.0,21.0,11.0,14.0,10.0
Unilever,2023->2024,16.0,24.0,19.0,12.0,18.0,12.0
Eni,2016->2017,17.0,71.0,14.0,30.0,20.0,57.0
Eni,2020->2021,18.0,65.0,15.0,20.0,21.0,50.0
Chevron,2020->2021,19.0,6.0,20.0,17.0,16.0,14.0
ConocoPhillips,2019->2020,20.0,20.0,17.0,21.0,13.0,8.0
Unilever,2021->2022,21.0,34.0,25.0,10.0,23.0,24.0
ExxonMobil,2023->2024,22.0,9.0,28.0,14.0,19.0,19.0
ConocoPhillips,2020->2021,23.0,30.0,18.0,25.0,22.0,12.0
RioTinto,2017->2018,24.0,12.0,23.0,37.0,24.0,25.0
Unilever,2019->2020,25.0,41.0,26.0,23.0,33.0,18.0
Shell,2019->2020,26.0,28.0,31.0,22.0,27.0,9.0
TotalEnergies,2021->2022,27.0,49.0,24.0,32.0,26.0,25.0
Repsol,2019->2020,28.0,33.0,30.0,26.0,32.0,7.0
Unilever,2020->2021,29.0,50.0,22.0,41.0,38.0,28.0
Glencore,2021->2022,30.0,37.0,27.0,29.0,35.0,10.0
BP,2019->2020,31.0,25.0,39.0,18.0,36.0,21.0
Chevron,2019->2020,32.0,48.0,33.0,19.0,30.0,29.0
Shell,2016->2017,33.0,31.0,32.0,35.0,29.0,6.0
Repsol,2020->2021,34.0,10.0,41.0,33.0,28.0,31.0
Glencore,2023->2024,35.0,7.0,44.0,36.0,37.0,37.0
Shell,2017->2018,36.0,60.0,29.0,46.0,39.0,31.0
Equinor,2018->2019,37.0,11.0,47.0,40.0,34.0,36.0
Eni,2018->2019,38.0,14.0,45.0,42.0,25.0,31.0
BP,2018->2019,39.0,47.0,34.0,34.0,43.0,13.0
Glencore,2017->2018,40.0,13.0,43.0,43.0,31.0,30.0
Glencore,2018->2019,41.0,18.0,51.0,31.0,40.0,33.0
Equinor,2023->2024,42.0,23.0,46.0,51.0,42.0,28.0
Chevron,2018->2019,43.0,22.0,49.0,47.0,44.0,27.0
RioTinto,2019->2020,44.0,67.0,37.0,56.0,62.0,30.0
Equinor,2015->2016,45.0,26.0,52.0,57.0,49.0,31.0
Glencore,2014->2015,46.0,27.0,53.0,58.0,48.0,31.0
Eni,2021->2022,47.0,32.0,54.0,50.0,45.0,22.0
BP,2017->2018,48.0,21.0,61.0,49.0,50.0,40.0
Eni,2017->2018,49.0,94.0,36.0,60.0,46.0,58.0
Eni,2019->2020,50.0,82.0,40.0,65.0,47.0,42.0
Chevron,2014->2015,51.0,36.0,55.0,39.0,56.0,20.0
TotalEnergies,2016->2017,52.0,55.0,48.0,61.0,53.0,13.0
Shell,2014->2015,53.0,66.0,42.0,81.0,60.0,39.0
Shell,2018->2019,54.0,97.0,35.0,96.0,70.0,62.0
Eni,2022->2023,55.0,44.0,57.0,72.0,41.0,31.0
BP,2021->2022,56.0,39.0,56.0,66.0,59.0,27.0
Repsol,2018->2019,57.0,86.0,59.0,27.0,68.0,59.0
Glencore,2019->2020,58.0,40.0,60.0,53.0,58.0,20.0
Equinor,2022->2023,59.0,102.0,38.0,59.0,79.0,64.0
Glencore,2016->2017,60.0,73.0,50.0,55.0,57.0,23.0
RioTinto,2014->2015,61.0,56.0,58.0,63.0,63.0,7.0
RioTinto,2021->2022,62.0,63.0,69.0,45.0,66.0,24.0
RioTinto,2015->2016,63.0,54.0,67.0,70.0,54.0,16.0
Chevron,2021->2022,64.0,53.0,71.0,75.0,55.0,22.0
ConocoPhillips,2016->2017,65.0,69.0,62.0,71.0,61.0,10.0
Chevron,2017->2018,66.0,59.0,66.0,74.0,75.0,16.0
ExxonMobil,2017->2018,67.0,61.0,70.0,79.0,69.0,18.0
Eni,2015->2016,68.0,70.0,68.0,84.0,52.0,32.0
Unilever,2018->2019,69.0,57.0,72.0,68.0,67.0,15.0
Unilever,2015->2016,70.0,42.0,77.0,73.0,64.0,35.0
BP,2014->2015,71.0,51.0,73.0,76.0,76.0,25.0
TotalEnergies,2018->2019,72.0,46.0,78.0,69.0,71.0,32.0
Eni,2023->2024,73.0,100.0,63.0,48.0,51.0,52.0
Unilever,2016->2017,74.0,78.0,64.0,83.0,73.0,19.0
BP,2023->2024,75.0,64.0,74.0,62.0,80.0,18.0
BP,2016->2017,76.0,72.0,82.0,38.0,86.0,48.0
Repsol,2022->2023,77.0,43.0,80.0,77.0,78.0,37.0
TotalEnergies,2019->2020,78.0,85.0,65.0,86.0,82.0,21.0
TotalEnergies,2022->2023,79.0,81.0,79.0,52.0,65.0,29.0
ConocoPhillips,2015->2016,80.0,75.0,76.0,85.0,74.0,11.0
Unilever,2017->2018,81.0,62.0,83.0,78.0,81.0,21.0
ConocoPhillips,2021->2022,82.0,58.0,87.0,80.0,85.0,29.0
Chevron,2022->2023,83.0,68.0,85.0,87.0,83.0,19.0
Shell,2015->2016,84.0,80.0,81.0,90.0,72.0,18.0
Chevron,2016->2017,85.0,74.0,86.0,82.0,84.0,12.0
BP,2022->2023,86.0,79.0,92.0,54.0,93.0,39.0
BP,2015->2016,87.0,96.0,91.0,44.0,95.0,52.0
Shell,2021->2022,88.0,77.0,89.0,88.0,92.0,15.0
BP,2020->2021,89.0,87.0,94.0,64.0,88.0,30.0
TotalEnergies,2023->2024,90.0,84.0,96.0,93.0,77.0,19.0
Repsol,2017->2018,91.0,83.0,95.0,91.0,91.0,12.0
Equinor,2020->2021,92.0,92.0,88.0,98.0,90.0,10.0
Equinor,2014->2015,93.0,90.0,93.0,97.0,87.0,10.0
Equinor,2019->2020,94.0,88.0,97.0,94.0,89.0,9.0
RioTinto,2016->2017,95.0,93.0,90.0,100.0,94.0,10.0
TotalEnergies,2017->2018,96.0,89.0,99.0,92.0,96.0,10.0
Glencore,2020->2021,97.0,98.0,84.0,104.0,98.0,20.0
Unilever,2022->2023,98.0,76.0,100.0,95.0,105.0,29.0
Glencore,2015->2016,99.0,106.0,75.0,89.0,101.0,31.0
Repsol,2023->2024,100.0,91.0,102.0,101.0,99.0,11.0
Equinor,2016->2017,101.0,99.0,98.0,105.0,97.0,8.0
Shell,2022->2023,102.0,95.0,101.0,102.0,100.0,7.0
Repsol,2021->2022,103.0,103.0,104.0,67.0,103.0,37.0
Chevron,2015->2016,104.0,101.0,103.0,103.0,102.0,3.0
Glencore,2022->2023,105.0,105.0,105.0,99.0,104.0,6.0
ConocoPhillips,2023->2024,106.0,104.0,106.0,106.0,106.0,2.0
